{
  "denomination": 1000,
  "side": "B",
  "k": 3.0,
  "threshold": 0.04518940870904446,
  "mean_error": 0.018822920153086835,
  "std_error": 0.008788829518652543,
  "p95": 0.02893370194360613,
  "p99": 0.05297366641461849,
  "n_images": 110
}