{
  "denomination": 100,
  "side": "F",
  "k": 3.0,
  "threshold": 0.04979277659447538,
  "mean_error": 0.021642128562676572,
  "std_error": 0.009383549343932936,
  "p95": 0.03860099501907825,
  "p99": 0.04660678185522555,
  "n_images": 107
}