{
  "denomination": 1000,
  "side": "F",
  "k": 3.0,
  "threshold": 0.058461886813706225,
  "mean_error": 0.023936255268898664,
  "std_error": 0.011508543848269187,
  "p95": 0.036393377371132365,
  "p99": 0.06503881186246864,
  "n_images": 102
}