{
  "denomination": 100,
  "side": "B",
  "k": 3.0,
  "threshold": 0.03238381317422751,
  "mean_error": 0.016024599533792087,
  "std_error": 0.005453071213478475,
  "p95": 0.026657187007367612,
  "p99": 0.034043542221188536,
  "n_images": 127
}