{
  "denomination": 20,
  "side": "B",
  "k": 3.0,
  "threshold": 0.04557302044676525,
  "mean_error": 0.018776447627030006,
  "std_error": 0.008932190939911747,
  "p95": 0.026166973635554314,
  "p99": 0.06630221251398333,
  "n_images": 146
}