{
  "denomination": 20,
  "side": "F",
  "k": 3.0,
  "threshold": 0.08582379531701614,
  "mean_error": 0.05139824082269459,
  "std_error": 0.011475184831440517,
  "p95": 0.07265334948897363,
  "p99": 0.08208391174674035,
  "n_images": 148
}