{
  "denomination": 50,
  "side": "B",
  "k": 3.0,
  "threshold": 0.056738519561859574,
  "mean_error": 0.02142010008010569,
  "std_error": 0.01177280649391796,
  "p95": 0.03877799734473225,
  "p99": 0.07030020147562027,
  "n_images": 109
}