{
  "denomination": 500,
  "side": "F",
  "k": 3.0,
  "threshold": 0.05639492815405253,
  "mean_error": 0.03199490656730084,
  "std_error": 0.00813334052891723,
  "p95": 0.04823706671595572,
  "p99": 0.05352678358554839,
  "n_images": 113
}