{
  "denomination": 500,
  "side": "B",
  "k": 3.0,
  "threshold": 0.04998090902322684,
  "mean_error": 0.025680554307137546,
  "std_error": 0.008100118238696432,
  "p95": 0.04089877679944038,
  "p99": 0.05002339590340853,
  "n_images": 130
}