{
  "denomination": 50,
  "side": "F",
  "k": 3.0,
  "threshold": 0.05418146188624051,
  "mean_error": 0.026946366261690856,
  "std_error": 0.009078365208183219,
  "p95": 0.037080258131027215,
  "p99": 0.06133183810859917,
  "n_images": 50
}