{
  "denomination": 5000,
  "side": "F",
  "k": 3.0,
  "threshold": 0.042132882311886145,
  "mean_error": 0.01802082661025483,
  "std_error": 0.008037351900543771,
  "p95": 0.026461302116513236,
  "p99": 0.05492658421397215,
  "n_images": 145
}