{
  "denomination": 5000,
  "side": "B",
  "k": 3.0,
  "threshold": 0.03721267323684629,
  "mean_error": 0.019781292032299412,
  "std_error": 0.005810460401515625,
  "p95": 0.02920871302485466,
  "p99": 0.03562437206506729,
  "n_images": 148
}