{
  "20_F": {
    "denomination": 20,
    "side": "F",
    "k": 3.0,
    "threshold": 0.08582379531701614,
    "mean_error": 0.05139824082269459,
    "std_error": 0.011475184831440517,
    "p95": 0.07265334948897363,
    "p99": 0.08208391174674035,
    "n_images": 148
  },
  "20_B": {
    "denomination": 20,
    "side": "B",
    "k": 3.0,
    "threshold": 0.04557302044676525,
    "mean_error": 0.018776447627030006,
    "std_error": 0.008932190939911747,
    "p95": 0.026166973635554314,
    "p99": 0.06630221251398333,
    "n_images": 146
  },
  "50_F": {
    "denomination": 50,
    "side": "F",
    "k": 3.0,
    "threshold": 0.05418146188624051,
    "mean_error": 0.026946366261690856,
    "std_error": 0.009078365208183219,
    "p95": 0.037080258131027215,
    "p99": 0.06133183810859917,
    "n_images": 50
  },
  "50_B": {
    "denomination": 50,
    "side": "B",
    "k": 3.0,
    "threshold": 0.056738519561859574,
    "mean_error": 0.02142010008010569,
    "std_error": 0.01177280649391796,
    "p95": 0.03877799734473225,
    "p99": 0.07030020147562027,
    "n_images": 109
  },
  "100_F": {
    "denomination": 100,
    "side": "F",
    "k": 3.0,
    "threshold": 0.04979277659447538,
    "mean_error": 0.021642128562676572,
    "std_error": 0.009383549343932936,
    "p95": 0.03860099501907825,
    "p99": 0.04660678185522555,
    "n_images": 107
  },
  "100_B": {
    "denomination": 100,
    "side": "B",
    "k": 3.0,
    "threshold": 0.03238381317422751,
    "mean_error": 0.016024599533792087,
    "std_error": 0.005453071213478475,
    "p95": 0.026657187007367612,
    "p99": 0.034043542221188536,
    "n_images": 127
  },
  "500_F": {
    "denomination": 500,
    "side": "F",
    "k": 3.0,
    "threshold": 0.05639492815405253,
    "mean_error": 0.03199490656730084,
    "std_error": 0.00813334052891723,
    "p95": 0.04823706671595572,
    "p99": 0.05352678358554839,
    "n_images": 113
  },
  "500_B": {
    "denomination": 500,
    "side": "B",
    "k": 3.0,
    "threshold": 0.04998090902322684,
    "mean_error": 0.025680554307137546,
    "std_error": 0.008100118238696432,
    "p95": 0.04089877679944038,
    "p99": 0.05002339590340853,
    "n_images": 130
  },
  "1000_F": {
    "denomination": 1000,
    "side": "F",
    "k": 3.0,
    "threshold": 0.058461886813706225,
    "mean_error": 0.023936255268898664,
    "std_error": 0.011508543848269187,
    "p95": 0.036393377371132365,
    "p99": 0.06503881186246864,
    "n_images": 102
  },
  "1000_B": {
    "denomination": 1000,
    "side": "B",
    "k": 3.0,
    "threshold": 0.04518940870904446,
    "mean_error": 0.018822920153086835,
    "std_error": 0.008788829518652543,
    "p95": 0.02893370194360613,
    "p99": 0.05297366641461849,
    "n_images": 110
  },
  "5000_F": {
    "denomination": 5000,
    "side": "F",
    "k": 3.0,
    "threshold": 0.042132882311886145,
    "mean_error": 0.01802082661025483,
    "std_error": 0.008037351900543771,
    "p95": 0.026461302116513236,
    "p99": 0.05492658421397215,
    "n_images": 145
  },
  "5000_B": {
    "denomination": 5000,
    "side": "B",
    "k": 3.0,
    "threshold": 0.03721267323684629,
    "mean_error": 0.019781292032299412,
    "std_error": 0.005810460401515625,
    "p95": 0.02920871302485466,
    "p99": 0.03562437206506729,
    "n_images": 148
  }
}